title,country,year_release,box_office,type_of_subject,lead_actor_actress
10 Rillington Place,UK,1971,NA,Criminal,Richard Attenborough
12 Years a Slave,US/UK,2013,56700000,Other,Chiwetel Ejiofor
127 Hours,US/UK,2010,18300000,Athlete,James Franco
1987,Canada,2014,NA,Other,Jean-Carl Boucher
20 Dates,US,1998,537000,Other,Myles Berkowitz
21,US,2008,81200000,Other,Jim Sturgess
24 Hour Party People,UK,2002,1130000,Musician,Steve Coogan
42,US,2013,95000000,Athlete,Chadwick Boseman
8 Seconds,US,1994,19600000,Athlete,Luke Perry
84 Charing Cross Road,US/UK,1987,1080000,Author,Anthony Hopkins
84 Charing Cross Road,US/UK,1987,1080000,Author,Anne Bancroft
A Beautiful Mind,US,2001,171000000,Academic,Russell Crowe
A Dangerous Method,Canada/UK,2011,5700000,Academic,Michael Fassbender
A Dangerous Method,Canada/UK,2011,5700000,Academic,Viggo Mortensen
A Dangerous Method,Canada/UK,2011,5700000,Academic,Keira Knightley
A Home of Our Own,US,1993,1700000,Other,Kathy Bates
A Man Called Peter,US,1955,NA,Other,Richard Todd
A Man for All Seasons,UK,1966,NA,Historical,Paul Scofield
A Matador's Mistress,US/UK,2008,NA,Actress,Pen̩lope Cruz
A Matador's Mistress,US/UK,2008,NA,Athlete,Adrien Brody
A Mighty Heart,US/UK,2007,9170000,Journalist,Dan Futterman
A Mighty Heart,US/UK,2007,9170000,Journalist,Angelina Jolie
A Song to Remember,US,1945,NA,Musician,Cornel Wilde
Abe Lincoln in Illinois,US,1940,NA,World leader,Raymond Massey
Above and Beyond,US,1952,NA,Military,Robert Taylor
Abraham Lincoln,US,1930,NA,World leader,Walter Huston
Against the Ropes,US,2004,5880000,Athlete,Meg Ryan
Al Capone,US,1959,NA,Criminal,Rod Steiger
Alexander,US/UK,2004,34300000,Historical,Colin Farrell
Alexander the Great,US,1956,NA,Historical,Richard Burton
Ali,US,2001,58200000,Athlete,Will Smith
Alpha Dog,US,2006,15200000,Criminal,Emile Hirsch
Amadeus,US,1984,366000,Musician,F. Murray Abraham
Amadeus,US,1984,366000,Musician,Tom Hulce
Amazing Grace,US/UK,2006,21200000,Other,Ioan Gruffudd
Amelia,US/Canada,2009,14200000,Other,Hilary Swank
American Gangster,US/UK,2007,130000000,Criminal,Denzel Washington
American Me,US,1992,13100000,Criminal,Edward James Olmos
American Sniper,US,2014,350000000,Military,Bradley Cooper
American Splendor,US,2003,6000000,Comedian,Paul Giamatti
An American Crime,US,2007,NA,Criminal,Catherine Keener
An American Crime,US,2007,NA,Other,Ellen Page
An Angel at My Table,UK,1990,1100000,Author,Kerry Fox
Anastasia,US,1956,NA,Other,Ingrid Bergman
Anna and the King of Siam,US,1946,NA,Other,Irene Dunne
Annie Get Your Gun,US,1950,8000000,Athlete,Betty Hutton
Annie Oakley,US,1935,NA,Athlete,Barbara Stanwyck
Another Country,UK,1984,NA,Military,Rupert Everett
Antwone Fisher,US,2002,21100000,Military,Derek Luke
Auto Focus,US,2002,2060000,Actor,Greg Kinnear
Awakenings,US,1990,52100000,Medicine,Robin Williams
Baadasssss!,US,2003,365000,Actor,Mario Van Peebles
Baader,UK,2002,NA,Military,Frank Giering
Backbeat,UK,1994,2390000,Musician,Ian Hart
Backbeat,UK,1994,2390000,Musician,Stephen Dorff
Bandit Queen,UK,1994,400000,Criminal,Seema Biswas
Barabbas,US,1961,NA,Historical,Anthony Quinn
Basquiat,US,1996,2960000,Artist,Jeffrey Wright
Bathory: Countess of Blood,UK,2008,NA,Criminal,Anna Friel
Battle Hymn,US,1957,NA,Military,Rock Hudson
Beau Brummell,US,1954,NA,Other,Stewart Granger
Becket,US/UK,1964,NA,Historical,Peter O'Toole
Becket,US/UK,1964,NA,Historical,NA
Becoming Jane,UK,2007,18700000,Author,Anne Hathaway
Before Night Falls,US,2000,4220000,Activist,Javier Bardem
Behind the Lines,Canada/UK,1997,19300,Military,James Wilby
Bernard and Doris,US,2006,NA,Other,Ralph Fiennes
Bernard and Doris,US/UK,2006,NA,Other,Susan Sarandon
Best,UK,2000,NA,Athlete,John Lynch
Beyond the Law,US,1993,NA,Other,Charlie Sheen
Beyond the Sea,US/UK,2004,6140000,Musician,Kevin Spacey
Bandit Queen,UK,1994,400000,Criminal,Seema Biswas
Big Eyes,US/Canada,2014,14500000,Artist,Amy Adams
Billy the Kid,US,1941,NA,Criminal,Robert Taylor
Bird,US,1988,2180000,Musician,Forest Whitaker
Birdman of Alcatraz,US,1962,NA,Criminal,Burt Lancaster
Blaze,US,1989,19100000,Politician,Paul Newman
Bloodsport,US,1988,11800000,Athlete,Jean-Claude Van Damme
Blossoms in the Dust,US,1941,NA,Other,Greer Garson
Blow,US,2001,52900000,Criminal,Johnny Depp
Blue,UK,1993,1720000,Other,Derek Jarman
Blue Caprice,US,2013,86700,Criminal,Isaiah Washington
Bobby Jones: Stroke of Genius,US,2004,2690000,Athlete,Jim Caviezel
Bonnie and Clyde,US,1967,NA,Criminal,Warren Beatty
Bonnie and Clyde,US,1967,NA,Criminal,Faye Dunaway
Born on the Fourth of July,US,1989,70000000,Military / activist,Tom Cruise
Bound for Glory,US,1976,NA,Singer,David Carradine
Boys Don't Cry,US,1999,11500000,Other,Hilary Swank
Boys Town,US,1938,NA,Other,Spencer Tracy
Braveheart,US,1995,75600000,Military,Mel Gibson
Breach,US,2007,33000000,Criminal,Chris Cooper
Brigham Young,US,1940,NA,Other,Dean Jagger
Bright Star,UK,2009,4440000,Author (poet),Ben Whishaw
Bright Star,UK,2009,4440000,Other,Abbie Cornish
Bronson,UK,2008,105000,Criminal,Tom Hardy
"Brother Sun, Sister Moon",UK,1972,NA,Historical,Graham Faulkner
Bubble Boy,US,2001,5000000,Medicine,Jake Gyllenhaal
Buffalo Bill,US,1944,NA,Other,Joel McCrea
Bugsy,US,1991,49100000,Criminal,Warren Beatty
Burning Blue,US,2013,NA,Military,Trent Ford
Buster,UK,1988,540000,Criminal,Phil Collins
Butch Cassidy and the Sundance Kid,US,1969,102000000,Criminal,Paul Newman
Butch Cassidy and the Sundance Kid,US,1969,102000000,Criminal,Robert Redford
Cadillac Records,US,2008,8130000.000000001,Singer,Beyonc̩ Knowles
Cadillac Records,US,2008,8130000.000000001,Musician,Jeffrey Wright
Cadillac Records,US,2008,8130000.000000001,Musician,Adrien Brody
Caesar and Cleopatra,UK,1945,NA,Historical,Claude Rains
Caesar and Cleopatra,UK,1945,NA,Historical,Vivien Leigh
Callas Forever,UK,2002,446000,Singer,Fanny Ardant
Cannibal! The Musical,US,1993,NA,Criminal,Trey Parker
Capone,US,1975,NA,Criminal,Ben Gazzara
Capote,US/Canada,2005,28700000,Author,Philip Seymour Hoffman
Captain Kidd,US,1945,NA,Historical,Charles Laughton
Captain Phillips,US,2013,107000000,Military,Tom Hanks
Caravaggio,UK,1986,3150,Artist,Multiple
Carbine Williams,US,1952,NA,Other,James Stewart
Carrington,UK,1995,3240000,Author,Jonathan Pryce
Breach,US,2007,33000000,Criminal,Chris Cooper
Carrington,UK,1995,3240000,Artist,Emma Thompson
Carve Her Name with Pride,UK,1958,NA,Military,Virginia McKenna
Casino,US,1995,42400000,Criminal,Robert De Niro
Casino Jack,Canada,2010,1040000,Other,Kevin Spacey
Cass,UK,2008,NA,Other,Nonso Anozie
Catch a Fire,US/UK,2006,4290000,Activist,Derek Luke
Catch Me If You Can,US/Canada,2002,164000000,Criminal,Leonardo DiCaprio
Cesar Chavez,US,2014,5550000,Activist,Michael Pe̱a
Chaplin,US,1992,9490000,Comedian,Robert Downey Jr.
Charlie Wilson's War,US,2007,66599999.99999999,Military,Tom Hanks
Chasing Mavericks,US,2012,6000000,Athlete,Jonny Weston
Chattahoochee,US,1989,259000,Military,Gary Oldman
Che: Part One,US,2008,1730000,Activist,Benicio Del Toro
Che: Part Two,US,2008,NA,Activist,Demi��n Bichir
Che!,US,1969,2000000,Activist,Omar Sharif
Chisum,US,1970,6000000,Other,John Wayne
Christopher Columbus: The Discovery,US/UK,1992,8250000,Other,Georges Corraface
Ciao Manhattan,US,1972,NA,Actress,Edie Sedgwick
Cinderella Man,US,2005,61600000,Athlete,Russell Crowe
Cleopatra,US,1934,NA,Historical,Claudette Colbert
Cleopatra,US/UK,1963,57800000,Historical,Elizabeth Taylor
Coal Miner's Daughter,US,1980,79900000,Singer,Sissy Spacek
Cobb,US,1994,1010000,Athlete,Tommy Lee Jones
Communion,US/UK,1989,1920000,Other,Christopher Walken
Compulsion,US,1959,NA,Criminal,Dean Stockwell/Bradford Dillman
Compulsion,US,1959,NA,Criminal,Dean Stockwell/Bradford Dillman
Confessions of a Dangerous Mind,US/Canada,2002,NA,Actor,Sam Rockwell
Control,US/UK,2007,872000,Musician,Sam Riley
Conviction,US,2010,6780000,Other,Hilary Swank
Copying Beethoven,US,2006,353000,Musician,Ed Harris
Counterpunch,US,2013,NA,Athlete,Alvaro Orlando
Creation,UK,2009,341000,Academic,Paul Bettany
Cromwell,UK,1970,NA,Historical,Richard Harris
Cross Creek,US,1983,200000,Author,Mary Steenburgen
Crutch,US,2004,NA,Actor,Eben Gordon
Cry Freedom,UK,1987,5900000,Activist,Denzel Washington
Custer of the West,US,1967,NA,Military,Robert Shaw
Dahmer,US,2002,NA,Criminal,Jeremy Renner
Dallas Buyers Club,US,2013,27300000,Activist,Matthew McConaughey
Dance with a Stranger,UK,1985,138000,Criminal,Miranda Richardson
Dangerous Beauty,US,1998,4530000,Other,Catherine McCormack
Dangerous Minds,US,1995,84900000,Teacher,Michelle Pfeiffer
De-Lovely,US/UK,2004,13300000,Musician,Kevin Kline
Death in Granada,US,1996,226000,Author,Andy Garcia
Desert Dancer,UK,2014,144000,Artist,Reece Ritchie
Desert Flower,UK,2009,44300,Activist,Soraya Omar-Scego (young) and Liya Kebede (older)
D̩sir̩e,US,1954,NA,Historical,Jean Simmons
D̩sir̩e,US,1954,NA,Historical,Marlon Brando
Devil's Knot,US,2013,NA,Criminal,James Hamrick
Devil's Knot,US,2013,NA,Criminal,Seth Meriwether
Devil's Knot,US,2013,NA,Criminal,Kristopher Higgins
Devotion,US,1946,NA,Author,Olivia de Havilland
Devotion,US,1946,NA,Author,Ida Lupino
Devotion,US,1946,NA,Author,Nancy Coleman
Diana,UK,2013,332000,Other,Naomi Watts
Digging Up the Marrow,US,2014,NA,Other,Adam Green
Dillinger,US,1945,4000000,Criminal,Lawrence Tierney
Dillinger,US,1973,NA,Criminal,Warren Oates
Disraeli,US,1929,NA,World leader,George Arliss
Domino,US/UK,2005,10100000,Other,Keira Knightley
Donnie Brasco,US,1997,42000000,Government,Johnny Depp
Downtown 81,US,1981,100000,Artist,Jean Michel Basquiat
Dr. Ehrlich's Magic Bullet,US,1940,NA,Medicine,Edward G. Robinson
Dragon: The Bruce Lee Story,US,1993,35100000,Athlete,Jason Scott Lee
Dreamchild,UK,1985,NA,Other,Coral Browne
Ed Gein,US/UK,2000,5710,Criminal,Steve Railsback
Ed Wood,US,1994,5890000,Other,Johnny Depp
"Edison, the Man",US,1940,NA,Academic,Spencer Tracy
Eichmann,UK,2007,NA,Military,Thomas Kretschmann
El cantante,US,2006,7560000,Musician,Marc Anthony
El Cid,US,1961,26600000,Historical,Charlton Heston
Elizabeth,US/UK,1998,30000000,Historical,Cate Blanchett
Elizabeth: The Golden Age,US/UK,2007,16300000,Historical,Cate Blanchett
Erin Brockovich,US,2000,126000000,Activist,Julia Roberts
Escape from Alcatraz,US,1979,36500000,Criminal,Jack Thibeau
Escape from Alcatraz,US,1979,36500000,Criminal,Clint Eastwood
Escape from Alcatraz,US,1979,36500000,Criminal,Fred Ward
Evel Knievel,US,1971,NA,Athlete,George Hamilton
Everyman's War,US,2009,NA,Military,Cole Carson
Evita,US,1996,50000000,Actress / activist,Madonna
Exodus: Gods and Kings,UK,2014,65000000,Historical,Christian Bale
Factory Girl,US,2006,1650000,Actress,Sienna Miller
Fair Game,US,2010,9530000,Government,Naomi Watts
Fat Man and Little Boy,US,1989,3560000,Military,Paul Newman
Fat Man and Little Boy,US,1989,3560000,Academic,Dwight Schultz
Fear Strikes Out,US,1957,NA,Athlete,Anthony Perkins
Fellini's Casanova,US,1976,NA,Historical,Donald Sutherland
Find Me Guilty,US,2006,1170000,Criminal,Vin Diesel
Finding Graceland,US,1998,NA,Musician,Harvey Keitel
Finding Neverland,US/UK,2004,51700000,Author,Johnny Depp
Fire in the Sky,US,1993,20100000,Other,D.B. Sweeney
Flash of Genius,US/Canada,2008,4230000,Other,Greg Kinnear
Foxcatcher,US,2014,12100000,Athlete,Channing Tatum
Frances,US,1982,5000000,Actress,Jessica Lange
Francis of Assisi,US,1961,NA,Historical,Bradford Dillman
Frank & Jesse,US,1995,NA,Criminal,Bill Paxton
Frank & Jesse,US,1995,NA,Criminal,Rob Lowe
Frankie & Alice,Canada,2010,693000,Other,Halle Berry
Freedom Writers,US,2007,36600000,Other,Hilary Swank
Freud,US,1962,NA,Academic,Montgomery Clift
Frida,US/Canada,2002,25800000,Artist,Salma Hayek
Fruitvale Station,US,2013,16100000.000000002,Other,Michael B. Jordan
Funny Girl,US,1968,223000,Actress,Barbra Streisand
Fur: An Imaginary Portrait of Diane Arbus,US,2006,221000,Other,Nicole Kidman
Gandhi,UK,1982,NA,Activist,Ben Kingsley
Gentleman Jim,US,1942,NA,Athlete,Errol Flynn
Geronimo,US,1962,NA,Military,Chuck Connors
Get on Up,US/UK,2014,30500000,Singer,Chadwick Boseman
Get Rich or Die Tryin',US/Canada,2005,31000000,Singer,50 Cent
Girl with a Pearl Earring,UK,2003,11600000,Artist,Colin Firth
"Girl, Interrupted",US,1999,28900000,Author,Winona Ryder
Glory Road,US,2006,42600000,Athlete,"With: Josh Lucas, Derek Luke, Austin Nichols"
Gods and Monsters,US/UK,1998,6390000,Other,Ian McKellen
Goltzius and the Pelican Company,UK,2012,NA,Artist,Ramsey Nasr
"Good Morning, Vietnam",US,1987,124000000,Media,Robin Williams
Good Vibrations,UK,2012,NA,Musician,Richard Dormer
Goodfellas,US,1990,46800000,Criminal,Ray Liotta
Gorillas in the Mist,US,1988,24700000,Academic,Sigourney Weaver
Goya's Ghosts,US,2006,1000000,Artist,Stellan Skarsg̴rd
Grace of Monaco,US,2014,NA,Actress,Nicole Kidman
Gracie,US,2007,2960000,Athlete,Carly Schroeder
Greased Lightning,US,1977,NA,Athlete,Richard Pryor
Great Balls of Fire!,US,1989,13700000,Musician,Dennis Quaid
Grey Owl,Canada/UK,1999,315000,Other,Pierce Brosnan
Gypsy,US,1962,NA,Artist,Natalie Wood
Gypsy,US,1962,NA,Other,Rosalind Russell
Hans Christian Andersen,US,1952,NA,Author,Danny Kaye
Harlow,US,1965,NA,Actress,Carroll Baker
Heart Like a Wheel,US,1983,NA,Athlete,Bonnie Bedelia
Heaven & Earth,US,1993,5860000,Other,Hiep Thi Le
Hell to Eternity,US,1960,NA,Military,Jeffrey Hunter
Henry & June,US,1990,11600000,Author,Fred Ward
Henry & June,US,1990,11600000,Author,Maria de Medeiros
Henry & June,US,1990,11600000,Other,Uma Thurman
Henry V,UK,1944,NA,Historical,Laurence Olivier
Henry V,UK,1989,10200000,Historical,Kenneth Branagh
High Roller: The Stu Ungar Story,US,2003,NA,Other,Michael Imperioli
Hilary and Jackie,UK,1998,4870000,Musician,Emily Watson
Hilary and Jackie,UK,1998,4870000,Musician,Rachel Griffiths
His Majesty O'Keefe,US,1954,NA,Other,Burt Lancaster
Hitchcock,US/UK,2012,6000000,Other,Anthony Hopkins
Hitchcock,US/UK,2012,6000000,Other,Helen Mirren
Hitler: A Film from Germany,UK,1977,NA,Military,Heinz Schubert
Hitler: The Last Ten Days,UK,1973,NA,Military,Alec Guinness
Hoffa,US,1992,24300000,Activist,Jack Nicholson
Hollywoodland,US,2006,14400000,Actor,Ben Affleck
Houdini,US,1953,NA,Other,Tony Curtis
Howl,US,2010,617000,Author,James Franco
Hunger,UK,2008,154000,Activist,Michael Fassbender
Hyde Park on Hudson,UK,2012,6370000,World leader,Bill Murray
Hyde Park on Hudson,UK,2012,6370000,Other,Laura Linney
I Am a Sex Addict,US,2005,113000,Actor,Caveh Zahedi
I Love You Phillip Morris,US,2009,2040000,Criminal,Jim Carrey
I Shot Andy Warhol,US/UK,1996,1810000,Activist,Lil Taylor
I Want to Live!,US,1958,NA,Criminal,Susan Hayward
I'll Cry Tomorrow,US,1955,NA,Actress,Susan Hayward
I'll See You in My Dreams,US,1951,NA,Musician,Danny Thomas
I'm Not There.,US/Canada,2007,4000000,Musician,-
If You Could See What I Hear,Canada,1982,NA,Singer,Marc Singer
Immortal Beloved,US/UK,1994,14400000,Musician,Gary Oldman
Impromptu,UK,1991,4080000,Musician,Hugh Grant
Impromptu,UK,1991,4080000,Other,Judy Davis
In Love and War,US,1996,14500000,Media,Chris O'Donnell
In Love and War,US,1996,14500000,Other,Sandra Bullock
In the Name of the Father,US/UK,1993,25000000,Other,Daniel Day-Lewis
Infamous,US,2006,1150000,Other,Toby Jones
Infinity,US,1996,146000,Academic,Matthew Broderick
Interrupted Melody,US,1955,NA,Singer,Eleanor Parker
Into the Wild,US,2007,18400000,Athlete,Emile Hirsch
Invictus,US,2009,37500000,World leader,Morgan Freeman
Invictus,US,2009,37500000,Athlete,Matt Damon
Invincible,US,2006,57800000,Athlete,Mark Wahlberg
Iris,US/UK,2001,1200000,Author,Judi Dench and Kate Winslet
Isadora,UK,1968,NA,Artist,Vanessa Redgrave
Isn't She Great,US/UK,2000,2950000,Author,Bette Midler
iSteve,US,2013,NA,Other,Justin Long
J. Edgar,US,2011,37300000,Government,Leonardo DiCaprio
Jamesy Boy,US,2014,NA,Criminal,Spencer Lofranco
Jappeloup,Canada,2013,NA,Athlete,Guillaume Canet
Jean Charles,UK,2009,NA,Other,Selton Mello
Jefferson in Paris,US,1995,2470000,Historical,Nick Nolte
Jersey Boys,US,2014,47000000,Musician,Erich Bergen
Jersey Boys,US,2014,47000000,Musician,John Lloyd Young
Jersey Boys,US,2014,47000000,Musician,Michael Lomenda
Jersey Boys,US,2014,47000000,Musician,Vincent Piazza
Jesse James,US,1939,NA,Criminal,Tyrone Power
Jim Thorpe -- All-American,US,1951,NA,Athlete,Burt Lancaster
Jimi: All Is by My Side,US/UK,2013,323000,Musician,Andr̩ Benjamin
Jinnah,UK,1998,NA,Other,Christopher Lee
"Jo Jo Dancer, Your Life Is Calling",US,1986,18000000,Comedian,Richard Pryor
Joan of Arc,US,1948,NA,Historical,Ingrid Bergman
Jobs,US,2013,16100000.000000002,Other,Ashton Kutcher
John Paul Jones,US,1959,NA,Military,Robert Stack
Juarez,US,1939,NA,World leader,Paul Muni
Julie & Julia,US,2009,94100000,Other,Meryl Streep
Julie & Julia,US,2009,94100000,Other,Amy Adams
Kid Cannabis,US,2014,5570,Criminal,Jonathan Daniel Brown
Kill the Irishman,US,2011,1190000,Criminal,Ray Stevenson
Kill the Messenger,US,2014,2450000,Media,Jeremy Renner
Kill Your Darlings,US,2013,1030000,Author,Daniel Radcliffe
Killer: A Journal of Murder,US,1995,65700,Criminal,James Woods
King David,US,1985,NA,Historical,Richard Gere
King of Kings,US,1961,NA,Historical,Jeffrey Hunter
Kinsey,US,2004,10200000,Academic,Liam Neeson
Klimt,UK,2006,NA,Artist,John Malkovich
Knute Rockne All American,US,1940,NA,Athlete,Pat O'Brien
Korczak,UK,1990,NA,Other,Wojciech Pszoniak
Kundun,US,1997,5530000,Activist,Tenzin Thuthob Tsarong
La Bamba,US,1987,54200000,Musician,Lou Diamond Phillips
La Vie en Rose,Canada/UK,2007,10300000,Singer,Marion Cotillard
Lady Jane,UK,1986,278000,Historical,Helena Bonham Carter
Lady Sings the Blues,US,1972,9600000,Musician,Diana Ross
Last Days,US,2005,455000,Musician,Michael Pitt
Lawrence of Arabia,UK,1962,342000,Military,Peter O'Toole
Lee Daniels' The Butler,US,2013,117000000,Other,Forest Whitaker
Lenny,US,1974,NA,Comedian,Dustin Hoffman
Lincoln,US,2012,182000000,World leader,Daniel Day-Lewis
Lion of the Desert,US,1981,NA,Activist,Anthony Quinn
Lisztomania,UK,1975,NA,Musician,Roger Daltrey
Little Ashes,UK,2008,480000,Artist,Robert Pattinson
Lone Survivor,US,2013,125000000,Military,Mark Wahlberg
Lords of Dogtown,US,2005,11000000,Athlete,Emile Hirsch
Lords of Dogtown,US,2005,11000000,Athlete,Victor Rasuk
Lords of Dogtown,US,2005,11000000,Athlete,John Robinson
Louis Cyr,Canada,2013,NA,Athlete,Antoine Bertrand
Love & Mercy,US,2014,9260000,Musician,John Cusack
Love Is a Many-Splendored Thing,US,1955,NA,Other,Jennifer Jones
Love Is the Devil: Study for a Portrait of Francis Bacon,US/UK,1998,343000,Artist,Derek Jacobi
Love Me or Leave Me,US,1955,NA,Singer,Doris Day
Lovelace,US,2013,355000,Actress,Amanda Seyfried
Low Down,US,2014,44500,Musician,John Hawkes
Lucky Luciano,US,1973,NA,Criminal,Gian Maria Volont̩
Lust for Life,US,1956,NA,Artist,Kirk Douglas
Luther,US,2003,5670000,Historical,Joseph Fiennes
MacArthur,US,1977,NA,Military,Gregory Peck
Machine Gun Preacher,US,2011,538000,Other,Gerard Butler
Machine-Gun Kelly,US,1958,NA,Criminal,Charles Bronson
Madame Curie,US,1943,NA,Academic,Walter Pidgeon
Madame Curie,US,1943,NA,Academic,Greer Garson
Mahler,UK,1974,NA,Musician,Robert Powell
Mahler,UK,1974,NA,Other,Georgina Hale
Malcolm X,US,1992,48200000,Activist,Denzel Washington
Man of a Thousand Faces,US,1957,NA,Actor,James Cagney
Man on the Moon,US/UK,1999,34600000,Comedian,Jim Carrey
Mandela: Long Walk to Freedom,UK,2013,8320000,World leader,Idris Elba
Marie Antoinette,US,1938,NA,Historical,Norma Shearer
Marie Antoinette,US,2006,16000000,Historical,Kirsten Dunst
Mary of Scotland,US,1936,NA,Historical,Katharine Hepburn
"Mary, Queen of Scots",UK,1971,NA,Historical,Vanessa Redgrave
Mask,US,1985,42400000,Other,Eric Stolz
Meetings with Remarkable Men,UK,1979,NA,Other,Dragan Maksimovic
Men of Honor,US,2000,48800000,Athlete,Cuba Gooding Jr
Mesmer,Canada/UK,1994,NA,Medicine,Alan Rickman
Mesrine Part 1: Killer Instinct,Canada,2008,552000,Criminal,Vincent Cassel
Mesrine Part 2: Public Enemy #1,Canada,2008,275000,Criminal,Vincent Cassel
Michael Collins,US/UK,1996,11000000,Activist,Liam Neeson
Midnight Express,US/UK,1978,35000000,Criminal,Brad Davis
Milk,US,2008,31800000,Activist,Sean Penn
Million Dollar Arm,US,2014,36400000,Athlete,Jon Hamm
Million Dollar Mermaid,US,1952,NA,Athlete,Esther Williams
Miracle,US,2004,64400000.00000001,Athlete,Kurt Russell
Mishima: A Life in Four Chapters,US,1985,450000,Author,Ken Ogata
Miss Potter,US/UK,2006,2980000,Author,Ren̩e Zellweger
Mockingbird Don't Sing,US,2001,NA,Other,Tarra Steele
Modigliani,UK,2004,195000,Artist,Andy Garcia
Mommie Dearest,US,1981,NA,Actress,Faye Dunaway
Moneyball,US,2011,75600000,Athlete,Brad Pitt
Monsieur N.,UK,2003,16800,Historical,Philippe Torreton
Monster,US,2003,34500000,Criminal,Charlize Theron
Moulin Rouge,UK,1952,NA,Artist,Jos̩ Ferrer
Mr. Nice,UK,2010,NA,Criminal,Rhys Ifans
Mr. Turner,UK,2014,3960000,Artist,Timothy Spall
Mrs Brown,US/UK,1997,9220000,Historical,Judi Dench
Mrs. Parker and the Vicious Circle,US/Canada,1994,2140000,Author,Jennifer Jason Leigh
Muhammad: The Last Prophet,US,2002,NA,Historical,NA
"Murder, Inc.",US,1960,NA,Other,Henry Morgan
Music Within,US,2007,153000,Activist,Ron Livingston
My Childhood,UK,1972,NA,Other,Stephen Archibald
My Dinner with Andre,US,1981,5070,Actor,Andre Gregory
My Dinner with Andre,US,1981,5070,Actor,Wallace Shawn
My Left Foot,UK,1989,14700000,Artist,Daniel Day-Lewis
My Life So Far,US/UK,1999,616000,Other,Robert Norman
My One and Only,US,2009,2480000,Other,Logan Lerman
My Week with Marilyn,US/UK,2011,14600000,Actress,Michelle Williams
Ned Kelly,US/UK,2003,74900,Criminal,Heath Ledger
Nicholas and Alexandra,UK,1971,NA,Historical,Janet Suzman
Nicholas and Alexandra,UK,1971,NA,Historical,Michael Jayston
Night and Day,US,1946,NA,Musician,Cary Grant
Nightwatching,Canada/UK,2007,NA,Artist,Martin Freeman
Nixon,US,1995,13600000,World leader,Anthony Hopkins
Nora,UK,2000,12300,Author,Ewan McGregor
Nora,UK,2000,12300,Other,Susan Lynch
Nostradamus,UK,1994,364000,Historical,Tch̩ky Karyo
Notorious,US,2009,36800000,Musician,Jamal Woolard
Nowhere Boy,Canada/UK,2009,1450000,Musician,Aaron Taylor-Johnson
October Sky,US,1999,32500000,Other,Jake Gyllenhaal
One Chance,US/UK,2013,89700,Musician,James Corden
One Foot in Heaven,US,1941,NA,Other,Fredric March
One Night with the King,US,2006,13400000,Historical,Tiffany Dupont
Open Water,US,2003,30500000,Other,Blanchard Ryan
Open Water,US,2003,30500000,Other,Daniel Travis
Out of Africa,US,1985,87100000,Other,Meryl Streep
Pandaemonium,UK,2000,NA,Author (poet),John Hannah
Pandaemonium,UK,2001,NA,Author (poet),Linus Roache
Papillon,US,1973,53300000,Criminal,Steve McQueen
Party Monster,US,2003,297000,Criminal,Macaulay Culkin
Patch Adams,US,1998,135000000,Medicine,Robin Williams
Patton,US,1970,NA,Military,George Scott
Patty Hearst,US/UK,1988,1220000,Other,Natasha Richardson
Permanent Midnight,US,1998,1170000,Comedian,Ben Stiller
Persepolis,US,2007,4440000,Activist,Chiara Mastroianni
Phantom Punch,US,2008,NA,Athlete,Ving Rhames
Philomena,US/UK,2013,37700000,Other,Judi Dench
Pierrepoint: The Last Hangman,US/UK,2005,21800,Other,Timothy Spall
Pi̱ero,US,2001,1420000,Actor,Benjamin Bratt
Pollock,US,2000,8600000,Artist,Ed Harris
Prefontaine,US,1997,532000,Athlete,Jared Leto
Prick Up Your Ears,UK,1987,1650000,Author,Gary Oldman
Prick Up Your Ears,UK,1987,1650000,Other,Alfred Molina
Pride of the Marines,US,1945,NA,Military,John Garfield
Private Parts,US,1997,41200000,Media,Howard Stern
PT 109,US,1963,NA,Military,Cliff Robertson
Public Enemies,US,2009,97000000,Criminal,Johnny Depp
Queen Christina,US,1933,NA,Historical,Greta Garbo
Quills,US/UK,2000,7060000,Criminal,Geoffrey Rush
Quo Vadis,US,1951,NA,Historical,Deborah Kerr
Quo Vadis,US,1951,NA,Historical,Robert Taylor
Radio,US,2003,52300000,Athlete,Cuba Gooding Jr
Radio,US,2003,52300000,Athlete,Ed Harris
Ragamuffin,US,2014,NA,Singer,David Schultz
Raging Bull,US,1980,45200,Athlete,Robert De Niro
Rasputin: The Mad Monk,UK,1966,NA,Other,Christopher Lee
Ray,US,2004,75300000,Musician,Jamie Foxx
Reach for the Sky,UK,1956,NA,Military,Kenneth More
Reds,US,1981,NA,Media,Warren Beaty
Regeneration,US,1915,NA,Other,Rockliffe Fellowes
Rembrandt,UK,1936,NA,Artist,Charles Laughton
Remember the Titans,US,2000,116000000,Athlete,Denzel Washington
Rescue Dawn,US,2006,5480000,Military,Christian Bale
Restoration,US/UK,1995,4099999.9999999995,Historical,Sam Neill
Reversal of Fortune,US/UK,1990,15400000,Other,Jeremy Irons
Reversal of Fortune,US/UK,1990,15400000,Other,Glenn Close
Rhapsody in Blue,US,1945,NA,Musician,Robert Alda
Richard III,UK,1955,NA,Historical,Laurence Olivier
Ricky 6,US,2000,NA,Criminal,Vincent Kartheiser
Riding in Cars with Boys,US,2001,29800000,Other,Drew Barrymore
Rise of the Footsoldier,UK,2007,NA,Criminal,Ricci Harnett
Rob Roy,US/UK,1995,31600000,Other,Liam Neeson
Romero,US,1989,1320000,Other,Raul Julia
Rosewater,US,2014,3090000,Media,Gael Garc�_a Bernal
Rudy,US,1993,22800000,Athlete,Sean Astin
Rush,US/UK,2013,26900000,Athlete,Chris Hemsworth
Rush,US/UK,2013,26900000,Athlete,Daniel Br�_hl
Saint Joan,US,1957,NA,Historical,Jean Seberg
Salome's Last Dance,US/UK,1988,331000,Author,Nickolas Grace
Santa Fe Trail,US,1940,NA,Other,Raymond Massey
Savage Messiah,UK,1972,NA,Artist,Scott Antony
Saving Mr. Banks,US/UK,2013,83300000,Other,Tom Hanks
Saving Mr. Banks,US/UK,2013,83300000,Author,Emma Thompson
Schindler's List,US,1993,96100000,Other,Liam Neeson
Scott of the Antarctic,UK,1948,NA,Other,John Mills
Searching for Bobby Fischer,US,1993,7270000,Other,Max Pomeranc
Selena,US,1997,35400000,Singer,Jennifer Lopez
Self Medicated,US,2005,98800,Other,Monty Lapica
Selma,US/UK,2014,52100000,Activist,David Oyelowo
Sergeant York,US,1941,16399999.999999998,Military,Gary Cooper
Serpico,US,1973,NA,Other,Al Pacino
Set Fire to the Stars,UK,2014,3270,Author (poet),Celyn Jones
Seven Years in Tibet,US/UK,1997,37900000,Other,Brad Pitt
Sex & Drugs & Rock & Roll,UK,2010,NA,Musician,Andy Serkis
Shadowlands,UK,1993,25800000,Author,Anthony Hopkins
Shadowlands,UK,1993,25800000,Author (poet),Debra Winger
Sid and Nancy,UK,1986,2830000,Singer,Gary Oldman
Sid and Nancy,UK,1986,2830000,Other,Chloe Webb
Silkwood,US,1983,35600000,Activist,Meryl Streep
Sister Kenny,US,1946,NA,Medicine,Rosalind Russell
Sixty Six,UK,2006,225000,Other,Gregg Sulkin
Skin,UK,2008,NA,Other,Sophie Okonedo
Somebody Up There Likes Me,US,1956,NA,Athlete,Paul Newman
Son of God,US,2014,59700000,Historical,Diogo Morgado
Soul Surfer,US,2011,43900000,Athlete,AnnaSophia Robb
Spartacus,US,1960,NA,Historical,Kirk Douglas
Spitfire,UK,1942,NA,Military,Leslie Howard
Squanto: A Warrior's Tale,US,1994,3340000,Historical,Adam Beach
Stander,Canada/UK,2003,19100,Other,Thomas Jane
Star 80,US,1983,6500000,Actress,Mariel Hemingway
Star!,US,1968,4000000,Actress,Julie Andrews
Stars and Stripes Forever,US,1952,NA,Musician,Clifton Webb
Steal This Movie,US,2000,76100,Activist,Vincent D'Onofrio
Stealing Sinatra,US,2003,NA,Criminal,David Arquette
Stealing Sinatra,US,2003,NA,Other,Thomas Ian Nicholas
Stoned,UK,2005,NA,Musician,Leo Gregory
Story of G.I. Joe,US,1945,NA,Media,Burgess Meredith
Strauss' Great Waltz,UK,1934,NA,Musician,Edmund Gwenn
Strauss' Great Waltz,UK,1934,NA,Musician,Esmond Knight
Sunrise at Campobello,US,1960,NA,World leader,Ralph Bellamy
Surviving Picasso,US,1996,1990000,Artist,Natascha McElhone
Sweet Dreams,US,1985,NA,Singer,Jessica Lange
Swimming Upstream,US,2003,47200,Athlete,Geoffrey Rush
Swoon,US,1992,340000,Criminal,Craig Chester
Swoon,US,1992,340000,Criminal,Daniel Schlachet
Sylvia,UK,2003,1300000,Author (poet),Gwyneth Paltrow
Sylvia,UK,2003,1300000,Author (poet),Daniel Craig
Talk to Me,US,2007,4470000,Activist,Don Cheadle
Ted Bundy,US,2002,NA,Criminal,Michael Reilly Burke
Telstar: The Joe Meek Story,UK,2008,NA,Musician,Con O'Neill
Testament of Youth,UK,2014,671000,Other,Alicia Vikander
The 5th Quarter,US,2010,400000,Athlete,Ryan Merriman
The Actress,US,1953,NA,Actress,Jean Simmons
The Adventures of Marco Polo,US,1938,NA,Historical,Gary Cooper
The Adventures of Mark Twain,US,1944,NA,Author,Frederic March
The Assassination of Jesse James by the Coward Robert Ford,US/UK/Canada,2007,3900000,Criminal,Brad Pitt
The Assassination of Jesse James by the Coward Robert Ford,US/UK/Canada,2007,3900000,Criminal,Casey Affleck
The Assassination of Richard Nixon,US,2004,698000,Other,Sean Penn
The Assassination of Trotsky,UK,1972,NA,Activist,Richard Burton
The Aviator,US,2004,103000000,Other,Leonardo DiCaprio
The Babe,US,1992,17500000,Athlete,John Goodman
The Babe Ruth Story,US,1948,NA,Athlete,William Bendix
The Bang Bang Club,Canada,2010,NA,Media,NA
The Bang Bang Club,Canada,2010,NA,Media,NA
The Bang Bang Club,Canada,2010,NA,Media,NA
The Bang Bang Club,Canada,2010,NA,Media,Taylor Kitsch
The Barretts of Wimpole Street,US,1934,NA,Author (poet),Norma Shearer
The Barretts of Wimpole Street,US,1934,NA,Author (poet),Fredric March
The Basketball Diaries,US,1995,2420000,Author,Leonardo DiCaprio
The Benny Goodman Story,US,1956,NA,Musician,Steve Allen
The Best Intentions,UK,1992,1300000,Other,"With: Samuel Fr���ler, Pernilla August, Max von Sydow"
The Best Intentions,UK,1992,1300000,Other,NA
The Better Angels,US,2014,NA,World leader,Jason Clarke
The Blind Side,US,2009,256000000,Athlete,Quinton Aaron
The Boy in Blue,Canada,1986,275000,Athlete,Nicolas Cage
The Brittany Murphy Story,US,2014,NA,Actress,Amanda Fuller
The Broken Tower,US,2011,NA,Author (poet),James Franco
The Buddy Holly Story,US,1978,NA,Singer,Gary Busey
The Chameleon,US,2010,NA,Criminal,Marc-Andr̩ Grondin
The Color of Freedom,UK,2007,NA,Other,Joseph Fiennes
The Color of Time,US,2012,NA,Author,James Franco
The Conqueror,US,1956,4500000,Military,John Wayne
The Countess,US,2009,NA,Historical,Julie Delpy
The Court-Martial of Billy Mitchell,US,1955,NA,Military,Gary Cooper
The Cross and the Switchblade,US,1970,NA,Other,Pat Boone
The Damned United,UK,2009,450000,Athlete,Michael Sheen
The Desert Fox: The Story of Rommel,US,1951,NA,Military,James Mason
The Diary of Anne Frank,US,1959,NA,Other,Millie Perkins
The Diving Bell and the Butterfly,US,2007,5990000,Media,Mathieu Amalric
The Doors,US,1991,35200000,Singer,Vil Kilmer
The Duchess,US/UK,2008,13800000,Other,Keira Knightley
The Eddy Duchin Story,US,1956,NA,Musician,Tyrone Power
The Edge of Love,UK,2008,28600,Author (poet),Matthew Rhys
The Elephant Man,US,1980,NA,Other,John Hurt
The Entity,US,1982,NA,Other,Barbara Hershey
The Express,US,2008,9590000,Athlete,Rob Brown
The Falcon and the Snowman,US/UK,1985,17100000,Criminal,Timothy Hutton
The Fifth Estate,US,2013,3250000,Other,Benedict Cumberbatch
The Fighter,US,2010,93600000,Athlete,Mark Wahlberg
The First Grader,US,2010,331000,Other,Oliver Litondo
The Five Pennies,US,1959,NA,Musician,Danny Kaye
The Frozen Ground,US,2013,NA,Other,Nicolas Cage
The Frozen Ground,US,2013,NA,Criminal,John Cusack
The Gallant Hours,US,1960,NA,Military,James Cagney
The Gaul,Canada,2001,NA,Historical,Christopher Lambert
The General,UK,1998,1210000,Criminal,Brendan Gleeson
The Girl in the Red Velvet Swing,US,1955,NA,Actress,Joan Collins
The Glenn Miller Story,US,1954,NA,Musician,James Stewart
The Great Caruso,US,1951,NA,Musician,Mario Lanza
The Great Debaters,US,2007,30200000,Academic,Denzel Washington
The Great Moment,US,1944,NA,Medicine,Joel McCrea
The Great Waltz,US,1938,NA,Musician,Fernand Gravey
The Great Ziegfeld,US,1936,NA,Musician,William Powell
The Greatest,US/UK,1977,NA,Athlete,Muhammad Ali
The Greatest Story Ever Told,US,1965,8000000,Historical,Max von Sydow
The Grey Fox,Canada,1982,NA,Other,Richard Farnsworth
The Hammer,US,2010,NA,Athlete,Russell Harvard
The Happy Hooker,US,1975,NA,Other,Lynn Redgrave
The House of Rothschild,US,1934,NA,Other,George Arliss
The Hunter,US,1980,NA,Other,Steve McQueen
The Hurricane,US,1999,50700000,Athlete,Denzel Washington
The Iceman,US,2012,1940000,Criminal,Michael Shannon
The Idolmaker,US,1980,NA,Other,Ray Sharkey
The Imitation Game,US/UK,2014,91100000,Academic,Benedict Cumberbatch
The Inn of the Sixth Happiness,US,1958,NA,Other,Ingrid Bergman
The Insider,US,1999,29000000,Activist,Russell Crowe
The Invisible Woman,UK,2013,1230000,Author,Ralph Fiennes
The Iron Lady,UK,2011,30000000,World leader,Meryl Streep
The Jackie Robinson Story,US,1950,NA,Athlete,Jackie Robinson
The Jesus Film,US,1979,NA,Historical,Brian Deacon
The Jolson Story,US,1946,NA,Musician,Larry Parks
The King and I,US,1956,NA,Other,Deborah Kerr
The King of Kings,US,1927,NA,Historical,H.B. Warner
The King's Speech,US/UK,2010,139000000,Historical,Colin Firth
The Krays,UK,1990,2060000,Criminal,NA
The Krays,UK,1990,2060000,Criminal,"With: Gary Kemp, Martin Kemp, Billie Whitelaw"
The Lady,UK,2011,NA,Activist,Michelle Yeoh
The Last Emperor,UK,1987,109000,World leader,John Lone
The Last King of Scotland,UK,2006,17600000,Other,Forest Whitaker
The Last of Robin Hood,US,2013,270000,Actor,Kevin Kline
The Last Ride,US,2012,NA,Musician,Henry Thomas
The Last Station,UK,2009,6620000,Author,Christopher Plummer
The Last Time I Committed Suicide,US,1997,12800,Author,Thomas Jane
The Lawless Breed,US,1953,NA,Criminal,Rock Hudson
The Left Handed Gun,US,1958,NA,Criminal,Paul Newman
The Life and Death of Peter Sellers,US,2004,NA,Actor,Geoffrey Rush
The Life of Emile Zola,US,1937,NA,Author,Paul Muni
The Long Day Closes,UK,1992,22800,Other,Leigh McCormack
The Long Gray Line,US,1955,NA,Military,Tyrone Power
The Longshots,US,2008,11500000,Athlete,Keke Palmer
The Look of Love,US/UK,2013,10400,Other,Steve Coogan
The Lover,UK,1992,4900000,Other,Jane March
The Madness of King George,UK,1994,15200000,Historical,Nigel Hawthorne
The Magic Box,UK,1951,NA,Other,Robert Donat
The Man Who Saw Tomorrow,US,1981,NA,Academic,Richard Butler
The Message,UK,1977,NA,Historical,Anthony Quinn
The Miracle Maker,UK,2000,NA,Historical,Ralph Fiennes
The Miracle Worker,US,1962,NA,Other,Patty Duke
The Miracle Worker,US,1962,NA,Other,Anne Bancroft
The Motorcycle Diaries,US/UK,2004,16800000,Activist,Gael Garc�_a Bernal
The Music Lovers,UK,1970,NA,Musician,Richard Chamberlain
The New World,US/UK,2005,12700000,Historical,Q'orianka Kilcher
The Night We Called It a Day,US,2003,NA,Singer,Dennis Hopper
The Notorious Bettie Page,US,2005,1410000,Other,Gretchen Mol
The Other Boleyn Girl,US/UK,2008,26800000,Historical,Natalie Portman
The Other Boleyn Girl,US/UK,2008,26800000,Historical,Scarlett Johansson
The Other Side of Heaven,US,2001,4720000,Other,Christopher Gorham
The Other Side of the Mountain,US,1975,NA,Athlete,Marilyn Hassett
The People vs. Larry Flynt,US,1996,20200000,Activist,Woody Harrelson
The Perils of Pauline,US,1947,NA,Actress,Betty Hutton
The Pianist,UK,2002,32500000,Musician,Adrien Brody
The Pistol: The Birth of a Legend,US,1991,NA,Athlete,Adam Guier
The Plainsman,US,1936,NA,Historical,"With: Gary Cooper, Jean Arthur, James Ellison"
The Pride of the Yankees,US,1942,NA,Athlete,Gary Cooper
The Prince of Egypt,US,1998,101000000,Historical,Val Kilmer
The Prince of Egypt,US,1998,101000000,Historical,Ralph Fiennes
The Prisoner of Shark Island,US,1936,NA,Medicine,Warner Baxter
The Private Life of Henry VIII.,UK,1933,NA,Historical,Charles Laughton
The Private Lives of Elizabeth and Essex,US,1939,NA,Historical,Bette Davis
The Private Lives of Elizabeth and Essex,US,1939,NA,Historical,Errol Flynn
"The Prize Winner of Defiance, Ohio",US,2005,626000,Other,Julianne Moore
The Pursuit of Happyness,US,2006,163000000,Other,Will Smith
The Queen,US/UK,2006,56400000,Historical,Helen Mirren
The Railway Man,UK,2013,4440000,Military,Colin Firth
The Red Baron,UK,2008,36600,Military,Matthias Schweigh̦fer
The Rocket: The Legend of Rocket Richard,Canada,2005,NA,Athlete,Roy Dupuis
The Runaways,US,2010,3570000,Musician,Kristen Stewart
The Runaways,US,2010,3570000,Musician,Dakota Fanning
The Sessions,US,2012,6000000,Medicine,John Hawkes
The Seven Little Foys,US,1955,NA,Actor,Bob Hope
The Singing Nun,US,1966,NA,Musician,Debbie Reynolds
The Social Network,US,2010,96900000,Other,Jesse Eisenberg
The Soloist,US/UK,2009,31700000,Musician,Jamie Foxx
The Soloist,US/UK,2009,31700000,Media,"Robert Downey, Jr."
The Song of Bernadette,US,1943,NA,Other,Jennifer Jones
The Soul Keeper,UK,2002,NA,Academic,Iain Glen
The Soul Keeper,UK,2002,NA,Academic,Emilia Fox
The Sound of Music,US,1965,163000000,Singer,Julie Andrews
The Spirit of St. Louis,US,1957,NA,Other,James Stewart
The Story of Alexander Graham Bell,US,1939,NA,Academic,Don Ameche
The Story of Louis Pasteur,US,1936,NA,Academic,Paul Muni
The Story of Vernon and Irene Castle,US,1939,1120000,Artist,Ginger Rogers
The Story of Vernon and Irene Castle,US,1939,1120000,Artist,Fred Astaire
The Straight Story,US/UK,1999,6200000,Other,Richard Farnsworth
The Stratton Story,US,1949,NA,Athlete,James Stewart
The Ten Commandments,US,1956,80000000,Historical,Charlton Heston
The Theory of Everything,UK,2014,35900000,Academic,Eddie Redmayne
The Toast of New York,US,1937,NA,Criminal,Edward Arnold
The Trials of Oscar Wilde,UK,1960,NA,Author,Peter Finch
The True Story of Jesse James,US,1957,NA,Criminal,Robert Wagner
The Unsinkable Molly Brown,US,1964,NA,Other,Debbie Reynolds
The Visual Bible: The Gospel of John,Canada/UK,2003,4070000.0000000005,Historical,Henry Ian Cusick
The Whistleblower,US/Canada,2010,1120000,Other,Rachel Weisz
The Whole Wide World,US,1996,137000,Author,Vincent D'Onofrio
The Whole Wide World,US,1996,137000,Author,Ren̩e Zellweger
The Wings of Eagles,US,1957,NA,Military,John Wayne
The Winning Team,US,1952,NA,Athlete,Ronald Reagan
The Wizard of Speed and Time,US,1988,NA,Other,Mike Jittlov
The Wolf of Wall Street,US,2013,117000000,Criminal,Leonardo DiCaprio
The Wonderful World of the Brothers Grimm,US,1961,NA,Author,Karlheinz B̦hm
The Wonderful World of the Brothers Grimm,US,1961,NA,Author,Laurence Harvey
The World's Fastest Indian,US,2005,5130000,Athlete,Anthony Hopkins
The Young Victoria,US/UK,2009,11000000,Historical,Emily Bunt
They Died with Their Boots On,US,1941,NA,Military,Errol Flynn
Thirteen,US,2003,4600000,Other,Evan Rachel Wood
Thirteen,US,2003,4600000,Other,Holly Hunter
Thirty Two Short Films About Glenn Gould,Canada,1993,1570000,Musician,Colm Feore
This Boy's Life,US,1993,4099999.9999999995,Other,Leonardo DiCaprio
This Is Elvis,US,1981,NA,Musician,Multiple
Thomas Kinkade's Christmas Cottage,US,2008,NA,Artist,Jared Padalecki
Three Little Words,US,1950,NA,Musician,Fred Astaire
Three Little Words,US,1950,NA,Musician,Red Skelton
Till the Clouds Roll By,US,1946,6720000,Musician,Robert Walker
To Hell and Back,US,1955,NA,Military,Audie Murphy
To Kill a King,UK,2003,NA,Historical,Tim Roth
To Kill a King,UK,2003,NA,Historical,Dougray Scott
To Walk with Lions,Canada/UK,1999,NA,Other,Richard Harris
To Walk with Lions,Canada/UK,1999,NA,Other,John Michie
To Write Love on Her Arms,US,2012,NA,Other,Kat Dennings
Tom & Viv,US/UK,1994,539000,Author,Willem Dafoe
Tom & Viv,US/UK,1994,539000,Author,Miranda Richardson
Topsy-Turvy,US/UK,1999,6200000,Musician,Allan Corduner
Topsy-Turvy,US/UK,1999,6200000,Author,Jim Broadbent
Total Eclipse,UK,1995,340000,Author (poet),Leonardo DiCaprio
Total Eclipse,UK,1995,340000,Author (poet),David Thewlis
Triumph of the Spirit,US,1989,409000,Athlete,Willem Dafoe
Tucker: The Man and His Dream,US,1988,19700000,Other,Jeff Bridges
Unbroken,US,2014,116000000,Athlete / military,Jack O'Connell
Valentino,US/UK,1977,NA,Actor,Rudolf Nureyev
Vatel,UK,2000,49500,Other,G̩rard Depardieu
Veronica Guerin,US/UK,2003,1570000,Media,Cate Blanchett
Vincent & Theo,UK,1990,2230000,Other,Paul Rhys
Vincent & Theo,UK,1990,2230000,Artist,Tim Roth
VIPs,US,2010,NA,Criminal,Wagner Moura
Viva Knievel!,US,1977,NA,Athlete,Evel Knievel
Viva Villa!,US,1934,1110000,Military,Wallace Beery
Viva Zapata!,US,1952,NA,Activist,Marlon Brando
Von Richthofen and Brown,US,1971,NA,Military,John Phillip Law
Von Richthofen and Brown,US,1971,NA,Military,Don Stroud
W.,US,2008,25500000,World leader,Josh Brolin
Walk the Line,US,2005,120000000,Musician,Joaquin Phoenix
Walker,US,1987,257000,Other,Ed Harris
Walking Tall Part II,US,1975,NA,Other,Bo Svenson
What We Do Is Secret,US,2007,58800,Singer,Shane West
What's Love Got to Do with It,US,1993,39100000,Singer,Angela Bassett
When Did You Last See Your Father?,UK,2007,1070000,Other,Colin Firth
Where the Buffalo Roam,US,1980,NA,Media,Bill Murray
WhiteLightnin',UK,2009,NA,Other,Edward Hogg
Why Do Fools Fall in Love,US,1998,12400000,Musician,Larenz Tate
Wild,US,2014,37900000,Other,Reese Witherspoon
Wild Bill,US,1995,2170000,Historical,Jeff Bridges
Wilde,UK,1997,2160000,Author,Stephen Fry
Wilson,US,1944,2000000,World leader,Alexander Knox
Winnie Mandela,Canada,2011,NA,Government,Jennifer Hudson
Wired,US,1989,1090000,Comedian,Michael Chiklis
With a Song in My Heart,US,1952,NA,Musician,Susan Hayward
Without Limits,US,1998,777000,Athlete,Billy Crudup
Wittgenstein,UK,1993,NA,Academic (Philosopher),Clancy Chassay
Words and Music,US,1948,NA,Musician,Mickey Rooney
Words and Music,US,1948,NA,Musician,Tom Drake
Wyatt Earp,US,1994,25100000,Other,Kevin Costner
Yankee Doodle Dandy,US,1942,NA,Musician,James Cagney
Young Bess,US,1953,NA,Historical,Jean Simmons
Young Cassidy,UK,1965,NA,Author,Rod Taylor
Young Man with a Horn,US,1950,NA,Musician,Kirk Douglas
Young Mr. Lincoln,US,1939,NA,World leader,Henry Fonda
Young Tom Edison,US,1940,NA,Other,Mickey Rooney
Young Winston,US,1972,NA,World leader,Simon Ward
Your Cheatin' Heart,US,1964,NA,Musician,George Hamilton
